id,firstName,lastName,maidenName,age,gender,email,phone,username,password,birthDate,image,bloodGroup,height,weight,eyeColor,hairColor,hairType,ip,address,city,state,stateCode,postalCode,country,macAddress,university,cardExpire,cardNumber,cardType,currency,iban,department,companyName,title,companyAddress,companyCity,companyState,companyStateCode,companyPostalCode,companyCountry,ein,ssn,userAgent,coin,wallet,network,role
1,Emily,Johnson,Smith,28,female,emily.johnson@x.dummyjson.com,"+81 965-431-3024",emilys,emilyspass,1996-5-30,https://dummyjson.com/icon/emilys/128,O-,193.24,63.16,Green,Brown,Curly,42.48.100.32,"626 Main Street",Phoenix,Mississippi,MS,29112,"United States",47:fa:41:18:ec:eb,"University of Wisconsin--Madison",03/26,9289760655481815,Elo,CNY,YPUXISOBI7TTHPK2BR3HAIXL,Engineering,"Dooley, Kozey and Cronin","Sales Manager","263 Tenth Street","San Francisco",Wisconsin,WI,37657,"United States",977-175,900-590-289,"Mozilla/5.0 (Macintosh; Intel Mac OS X 10_15_7) AppleWebKit/537.36 (KHTML, like Gecko) Chrome/96.0.4664.93 Safari/537.36",Bitcoin,0xb9fc2fe63b2a6c003f1c324c3bfa53259162181a,"Ethereum (ERC20)",admin
2,Michael,Williams,,35,male,michael.williams@x.dummyjson.com,"+49 258-627-6644",michaelw,michaelwpass,1989-8-10,https://dummyjson.com/icon/michaelw/128,B+,186.22,76.32,Red,Green,Straight,12.13.116.142,"385 Fifth Street",Houston,Alabama,AL,38807,"United States",79:15:78:99:60:aa,"Ohio State University",02/27,6737807858721625,Elo,SEK,83IDT77FWYLCJVR8ISDACFH0,Support,"Spinka - Dickinson","Support Specialist","395 Main Street","Los Angeles","New Hampshire",NH,73442,"United States",912-602,108-953-962,"Mozilla/5.0 (Windows NT 10.0; Win64; x64) AppleWebKit/537.36 (KHTML, like Gecko) Edge/97.0.1072.76 Safari/537.36",Bitcoin,0xb9fc2fe63b2a6c003f1c324c3bfa53259162181a,"Ethereum (ERC20)",admin
3,Sophia,Brown,,42,female,sophia.brown@x.dummyjson.com,"+81 210-652-2785",sophiab,sophiabpass,1982-11-6,https://dummyjson.com/icon/sophiab/128,O-,177.72,52.6,Hazel,White,Wavy,214.225.51.195,"1642 Ninth Street",Washington,Alabama,AL,32822,"United States",12:a3:d3:6f:5c:5b,"Pepperdine University",04/25,7795895470082859,"Korean Express",SEK,90XYKT83LMM7AARZ8JN958JC,"Research and Development","Schiller - Zieme",Accountant,"1896 Washington Street",Dallas,Nevada,NV,88511,"United States",963-113,638-461-822,"Mozilla/5.0 (Windows NT 10.0; Win64; x64) AppleWebKit/537.36 (KHTML, like Gecko) Chrome/96.0.4664.45 Safari/537.36",Bitcoin,0xb9fc2fe63b2a6c003f1c324c3bfa53259162181a,"Ethereum (ERC20)",admin
4,James,Davis,,45,male,james.davis@x.dummyjson.com,"+49 614-958-9364",jamesd,jamesdpass,1979-5-4,https://dummyjson.com/icon/jamesd/128,AB+,193.31,62.1,Amber,Blonde,Straight,101.118.131.66,"238 Jefferson Street",Seattle,Pennsylvania,PA,68354,"United States",10:7d:df:1f:97:58,"University of Southern California",05/29,5005519846254763,Mastercard,INR,7N7ZH1PJ8Q4WU1K965HQQR27,Support,"Pagac and Sons","Research Analyst","1622 Lincoln Street","Fort Worth",Pennsylvania,PA,27768,"United States",904-810,116-951-314,"Mozilla/5.0 (Macintosh; Intel Mac OS X 10_15_7) AppleWebKit/537.36 (KHTML, like Gecko) Chrome/97.0.4692.99 Safari/537.36",Bitcoin,0xb9fc2fe63b2a6c003f1c324c3bfa53259162181a,"Ethereum (ERC20)",admin
5,Emma,Miller,Johnson,30,female,emma.miller@x.dummyjson.com,"+91 759-776-1614",emmaj,emmajpass,1994-6-13,https://dummyjson.com/icon/emmaj/128,AB-,192.8,63.62,Green,White,Straight,224.126.22.183,"607 Fourth Street",Jacksonville,Colorado,CO,26593,"United States",32:b9:7e:8d:f5:e8,"Northeastern University",03/26,5772950119588627,"American Express",CAD,TAVHURD845KVBTB8W81AQXRY,"Human Resources","Graham - Gulgowski","Quality Assurance Engineer","1460 Sixth Street","San Antonio",Idaho,ID,21965,"United States",403-505,526-210-885,"Mozilla/5.0 (Windows NT 10.0; Win64; x64; rv:97.0) Gecko/20100101 Firefox/97.0",Bitcoin,0xb9fc2fe63b2a6c003f1c324c3bfa53259162181a,"Ethereum (ERC20)",admin
6,Olivia,Wilson,,22,female,olivia.wilson@x.dummyjson.com,"+91 607-295-6448",oliviaw,oliviawpass,2002-4-20,https://dummyjson.com/icon/oliviaw/128,B+,182.61,58,Hazel,Gray,Curly,249.178.112.207,"547 First Street","Fort Worth",Tennessee,TN,83843,"United States",9c:7f:ea:34:18:19,"University of North Carolina--Chapel Hill",05/28,6771923832947881,"Diners Club International",BRL,V6H0O5OE3Q4JVKWDTYWZABMD,"Product Management","Pfannerstill Inc","Research Analyst","425 Sixth Street",Indianapolis,Oklahoma,OK,74263,"United States",921-709,836-772-168,"Mozilla/5.0 (Macintosh; Intel Mac OS X 10_15_7) AppleWebKit/605.1.15 (KHTML, like Gecko) Version/15.3 Safari/605.1.15",Bitcoin,0xb9fc2fe63b2a6c003f1c324c3bfa53259162181a,"Ethereum (ERC20)",moderator
7,Alexander,Jones,,38,male,alexander.jones@x.dummyjson.com,"+61 260-824-4986",alexanderj,alexanderjpass,1986-10-20,https://dummyjson.com/icon/alexanderj/128,AB-,153.89,77.42,Blue,White,Straight,166.204.84.32,"664 Maple Street",Indianapolis,Delaware,DE,86684,"United States",d2:64:58:2d:1c:46,"University of Illinois--Urbana-Champaign",05/25,7344951706130140,JCB,EUR,49V4GVDVMP0MHIDD4VXMQ3A2,Engineering,"Dickens - Beahan","Web Developer","996 Eighth Street",Washington,Kansas,KS,27858,"United States",638-127,722-993-925,"Mozilla/5.0 (Macintosh; Intel Mac OS X 10_15_7) AppleWebKit/537.36 (KHTML, like Gecko) Chrome/95.0.4638.69 Safari/537.36",Bitcoin,0xb9fc2fe63b2a6c003f1c324c3bfa53259162181a,"Ethereum (ERC20)",moderator
8,Ava,Taylor,,27,female,ava.taylor@x.dummyjson.com,"+1 458-853-7877",avat,avatpass,1997-8-25,https://dummyjson.com/icon/avat/128,AB-,168.47,57.08,Hazel,Red,Kinky,150.73.197.233,"1197 First Street","Fort Worth","Rhode Island",RI,24771,"United States",8d:2e:c2:d6:e7:a8,"University of Wisconsin--Madison",01/29,6412128967460199,Maestro,CNY,TS66YQ8R16OX7IJKLUONDQHP,Marketing,"Nikolaus Inc","Chief Executive Officer","930 Lincoln Street",Austin,Colorado,CO,47592,"United States",297-762,257-419-109,"Mozilla/5.0 (Windows NT 10.0; Win64; x64) AppleWebKit/537.36 (KHTML, like Gecko) Chrome/96.0.4664.45 Safari/537.36",Bitcoin,0xb9fc2fe63b2a6c003f1c324c3bfa53259162181a,"Ethereum (ERC20)",moderator
9,Ethan,Martinez,,33,male,ethan.martinez@x.dummyjson.com,"+92 933-608-5081",ethanm,ethanmpass,1991-2-12,https://dummyjson.com/icon/ethanm/128,AB+,159.19,68.81,Hazel,Purple,Curly,63.191.127.71,"466 Pine Street","San Antonio",Louisiana,LA,72360,"United States",59:e:9e:e3:29:da,"Syracuse University",02/25,7183482484317509,Visa,CAD,CW5U5KS23U7JYD22TVQL7SIH,Support,"Gorczany - Gottlieb","Legal Counsel","1597 Oak Street",Chicago,Florida,FL,28100,"United States",790-434,569-650-348,"Mozilla/5.0 (Windows NT 10.0; Win64; x64) AppleWebKit/537.36 (KHTML, like Gecko) Chrome/95.0.4638.69 Safari/537.36",Bitcoin,0xb9fc2fe63b2a6c003f1c324c3bfa53259162181a,"Ethereum (ERC20)",moderator
10,Isabella,Anderson,Davis,31,female,isabella.anderson@x.dummyjson.com,"+49 770-658-4885",isabellad,isabelladpass,1993-6-10,https://dummyjson.com/icon/isabellad/128,A-,150.56,50.1,Brown,Blonde,Curly,114.9.114.205,"1964 Oak Street","New York",Utah,UT,89352,"United States",b1:b0:d0:a2:82:80,"California Institute of Technology (Caltech)",05/27,6118714010128731,NPS,CNY,GBZRGDMKUOTO34HBCI7A986J,Marketing,"Pollich - Hilpert","Chief Financial Officer","1029 Adams Street","San Diego",Maryland,MD,63847,"United States",127-297,902-438-728,"Mozilla/5.0 (Macintosh; Intel Mac OS X 10_15_7) AppleWebKit/537.36 (KHTML, like Gecko) Chrome/96.0.4664.93 Safari/537.36",Bitcoin,0xb9fc2fe63b2a6c003f1c324c3bfa53259162181a,"Ethereum (ERC20)",moderator
11,Liam,Garcia,,29,male,liam.garcia@x.dummyjson.com,"+92 870-217-6201",liamg,liamgpass,1995-6-6,https://dummyjson.com/icon/liamg/128,AB-,162.32,93.16,Violet,Red,Wavy,56.201.85.9,"576 Fifth Street",Denver,"South Dakota",SD,57252,"United States",31:9a:28:8b:99:6c,"Ohio State University",02/27,2302893002194899,Discover,GBP,O8ENPRB9UVBL2EFZ7601KC09,Services,"Considine - Torp","Web Developer","27 Cedar Street",Philadelphia,Connecticut,CT,79574,"United States",326-604,933-784-949,"Mozilla/5.0 (Macintosh; Intel Mac OS X 10_15_7) AppleWebKit/537.36 (KHTML, like Gecko) Chrome/97.0.4692.99 Safari/537.36",Bitcoin,0xb9fc2fe63b2a6c003f1c324c3bfa53259162181a,"Ethereum (ERC20)",moderator
12,Mia,Rodriguez,,24,female,mia.rodriguez@x.dummyjson.com,"+49 989-461-8403",miar,miarpass,2000-8-4,https://dummyjson.com/icon/miar/128,O-,188.08,56.03,Blue,Purple,Wavy,11.72.253.90,"1627 Sixth Street",Jacksonville,"West Virginia",WV,41810,"United States",53:d7:a4:6:1e:58,"William & Mary",05/26,1539872303456158,"Carte Bancaire",CAD,EBMD95RLK8B82ZAZNXBJ09V5,Accounting,"Miller, Schowalter and Wisozk","Business Analyst","1039 Washington Street",Philadelphia,"New Jersey",NJ,57518,"United States",754-660,749-524-124,"Mozilla/5.0 (Macintosh; Intel Mac OS X 10_15_7) AppleWebKit/537.36 (KHTML, like Gecko) Chrome/95.0.4638.54 Safari/537.36",Bitcoin,0xb9fc2fe63b2a6c003f1c324c3bfa53259162181a,"Ethereum (ERC20)",moderator
13,Noah,Hernandez,,40,male,noah.hernandez@x.dummyjson.com,"+49 393-605-6968",noahh,noahhpass,1984-6-5,https://dummyjson.com/icon/noahh/128,AB+,188.62,69.49,Brown,Red,Curly,169.154.126.57,"1413 Maple Street","New York","North Dakota",ND,73696,"United States",d4:fe:ae:8f:eb:a3,"New York University (NYU)",05/26,1681772579326385,Discover,SEK,G4UIZKIQVPJM9D31XQVR1E9Z,Engineering,"Botsford, Marquardt and Roberts","Database Administrator","62 Third Street",Seattle,Oregon,OR,83474,"United States",877-628,660-847-389,"Mozilla/5.0 (Windows NT 10.0; Win64; x64) AppleWebKit/537.36 (KHTML, like Gecko) Chrome/95.0.4638.54 Safari/537.36",Bitcoin,0xb9fc2fe63b2a6c003f1c324c3bfa53259162181a,"Ethereum (ERC20)",moderator
14,Charlotte,Lopez,Martinez,36,female,charlotte.lopez@x.dummyjson.com,"+44 373-953-5028",charlottem,charlottempass,1988-6-8,https://dummyjson.com/icon/charlottem/128,AB-,178.92,82.46,Brown,Gray,Kinky,119.103.95.60,"208 Second Street",Columbus,Ohio,OH,42044,"United States",f6:ff:37:aa:6c:f1,"Northeastern University",02/27,5675368650551956,Maestro,CNY,FKK6U634LGI3E7N517DLVVTL,Accounting,"Zulauf and Sons","Chief Executive Officer","569 Jefferson Street","Los Angeles",Montana,MT,17779,"United States",364-782,255-491-479,"Mozilla/5.0 (Windows NT 10.0; Win64; x64) AppleWebKit/537.36 (KHTML, like Gecko) Chrome/96.0.4664.45 Safari/537.36",Bitcoin,0xb9fc2fe63b2a6c003f1c324c3bfa53259162181a,"Ethereum (ERC20)",moderator
15,William,Gonzalez,,32,male,william.gonzalez@x.dummyjson.com,"+81 905-252-7319",williamg,williamgpass,1992-3-27,https://dummyjson.com/icon/williamg/128,B-,173.21,82.41,Hazel,Gray,Curly,250.2.241.204,"31 Maple Street","San Jose",Utah,UT,78243,"United States",f5:68:28:f9:ec:89,"Tufts University",03/27,6053000793215148,Mir,EUR,AR01SNDMKGECX0EYH7UCW61W,Marketing,"Spinka - Dickinson","Software Architect","1538 Eighth Street","San Jose",Missouri,MO,29673,"United States",830-515,690-544-755,"Mozilla/5.0 (Macintosh; Intel Mac OS X 10_15_7) AppleWebKit/537.36 (KHTML, like Gecko) Chrome/96.0.4664.93 Safari/537.36",Bitcoin,0xb9fc2fe63b2a6c003f1c324c3bfa53259162181a,"Ethereum (ERC20)",moderator
16,Avery,Perez,,25,female,avery.perez@x.dummyjson.com,"+61 731-431-3457",averyp,averyppass,1999-3-10,https://dummyjson.com/icon/averyp/128,O-,172.68,93.9,Brown,Green,Curly,131.217.4.214,"1125 First Street",Columbus,Iowa,IA,30973,"United States",b3:ff:f3:c5:37:46,"Harvard University",04/27,0961014686718571,"Carte Bancaire",USD,28JYZAY4KYT48YI8QW40PWXR,Accounting,"Herzog Inc","Database Administrator","183 Maple Street","New York","Rhode Island",RI,45238,"United States",348-493,679-523-686,"Mozilla/5.0 (Macintosh; Intel Mac OS X 10_15_7) AppleWebKit/537.36 (KHTML, like Gecko) Chrome/95.0.4638.69 Safari/537.36",Bitcoin,0xb9fc2fe63b2a6c003f1c324c3bfa53259162181a,"Ethereum (ERC20)",user
17,Evelyn,Sanchez,,37,female,evelyn.sanchez@x.dummyjson.com,"+1 623-880-6871",evelyns,evelynspass,1987-10-13,https://dummyjson.com/icon/evelyns/128,B+,184.08,83.15,Violet,Blue,Curly,87.114.135.146,"1170 Lincoln Street","San Diego",Wyoming,WY,43423,"United States",f8:e5:bd:43:bc:d8,"Washington University in St. Louis",04/29,4557521697420096,UnionPay,SEK,KN8XAPR2J5UB8AKDI1EVJ56R,Support,"Predovic - Johns","Chief Financial Officer","1802 Ninth Street","San Diego",Minnesota,MN,89416,"United States",604-817,689-332-644,"Mozilla/5.0 (Macintosh; Intel Mac OS X 10_15_7) AppleWebKit/537.36 (KHTML, like Gecko) Chrome/96.0.4664.45 Safari/537.36",Bitcoin,0xb9fc2fe63b2a6c003f1c324c3bfa53259162181a,"Ethereum (ERC20)",user
18,Logan,Torres,,31,male,logan.torres@x.dummyjson.com,"+81 507-434-8733",logant,logantpass,1993-10-26,https://dummyjson.com/icon/logant/128,A+,190.04,72.43,Green,Green,Curly,155.98.15.162,"907 Seventh Street",Columbus,Arkansas,AR,78805,"United States",40:d:5c:1:7d:bf,"University of Illinois--Urbana-Champaign",05/26,7884268130452098,UnionPay,NZD,HZM7V9PYHPZBN72IDFPXGN8Q,Training,"Jast - Nader","Data Analyst","947 Main Street",Denver,Minnesota,MN,71896,"United States",576-218,806-639-934,"Mozilla/5.0 (Macintosh; Intel Mac OS X 10_15_7) AppleWebKit/537.36 (KHTML, like Gecko) Chrome/96.0.4664.45 Safari/537.36",Bitcoin,0xb9fc2fe63b2a6c003f1c324c3bfa53259162181a,"Ethereum (ERC20)",user
19,Abigail,Rivera,,28,female,abigail.rivera@x.dummyjson.com,"+91 228-363-7806",abigailr,abigailrpass,1996-10-11,https://dummyjson.com/icon/abigailr/128,B+,186.39,74.61,Violet,Blue,Kinky,19.183.240.94,"996 Oak Street",Chicago,"New Mexico",NM,11407,"United States",1d:a6:58:2a:e5:e4,"California Institute of Technology (Caltech)",02/28,4832361886407551,RuPay,BRL,O02LHDNNFCVSM6D4H81DIQHE,"Human Resources","Prohaska - Thiel","Business Analyst","1402 Adams Street",Austin,Wisconsin,WI,51456,"United States",173-637,655-823-929,"Mozilla/5.0 (Windows NT 10.0; Win64; x64) AppleWebKit/537.36 (KHTML, like Gecko) Edge/97.0.1072.76 Safari/537.36",Bitcoin,0xb9fc2fe63b2a6c003f1c324c3bfa53259162181a,"Ethereum (ERC20)",user
20,Jackson,Evans,,34,male,jackson.evans@x.dummyjson.com,"+44 468-628-6686",jacksone,jacksonepass,1990-11-30,https://dummyjson.com/icon/jacksone/128,O-,162.57,74.37,Green,Red,Straight,221.127.144.198,"1873 Main Street","New York",Arkansas,AR,26600,"United States",81:14:1:97:88:85,"Ohio State University",04/26,2109192842527801,"BC Card",EUR,TX26FO9B7YR2VHYDSJBE32AX,Legal,"Kuhlman LLC","Web Developer","1706 First Street",Chicago,Hawaii,HI,34725,"United States",843-260,248-787-886,"Mozilla/5.0 (Macintosh; Intel Mac OS X 10_15_7) AppleWebKit/537.36 (KHTML, like Gecko) Chrome/97.0.4692.99 Safari/537.36",Bitcoin,0xb9fc2fe63b2a6c003f1c324c3bfa53259162181a,"Ethereum (ERC20)",user
21,Madison,Collins,,26,female,madison.collins@x.dummyjson.com,"+81 259-957-5711",madisonc,madisoncpass,1998-3-7,https://dummyjson.com/icon/madisonc/128,B-,189.28,56.96,Red,Gray,Curly,85.34.1.204,"1892 Lincoln Street",Philadelphia,"New Jersey",NJ,62091,"United States",13:b0:d0:23:4d:26,"University of Pennsylvania",04/28,5549175461210252,Mir,CNY,Y0WSN5IED255808SIYBUOMWO,Engineering,"Mayer - Smitham","Chief Technology Officer","1438 Main Street","San Diego",Delaware,DE,63144,"United States",716-166,457-258-950,"Mozilla/5.0 (Macintosh; Intel Mac OS X 10_15_7) AppleWebKit/537.36 (KHTML, like Gecko) Chrome/97.0.4692.99 Safari/537.36",Bitcoin,0xb9fc2fe63b2a6c003f1c324c3bfa53259162181a,"Ethereum (ERC20)",user
22,Elijah,Stewart,,33,male,elijah.stewart@x.dummyjson.com,"+44 468-357-7872",elijahs,elijahspass,1991-10-22,https://dummyjson.com/icon/elijahs/128,A-,195.33,81.64,Blue,Purple,Straight,23.87.135.62,"1701 Eighth Street",Columbus,Illinois,IL,31585,"United States",75:17:c6:35:fc:6d,"Georgetown University",05/27,0798116671286564,JCB,GBP,E1XUHCC1N39WGU6XESSK1CAO,Legal,"Langworth Group","Business Analyst","155 Ninth Street",Washington,"South Dakota",SD,19039,"United States",520-394,287-380-801,"Mozilla/5.0 (Macintosh; Intel Mac OS X 10_15_7) AppleWebKit/537.36 (KHTML, like Gecko) Chrome/96.0.4664.93 Safari/537.36",Bitcoin,0xb9fc2fe63b2a6c003f1c324c3bfa53259162181a,"Ethereum (ERC20)",user
23,Chloe,Morales,,39,female,chloe.morales@x.dummyjson.com,"+92 468-541-7133",chloem,chloempass,1985-4-21,https://dummyjson.com/icon/chloem/128,O+,185.07,63.97,Brown,Red,Kinky,66.78.20.21,"401 Fourth Street",Dallas,"New Jersey",NJ,54972,"United States",fc:f:29:e1:37:b8,"Syracuse University",05/28,3150496938377346,"American Express",PKR,P7YLGOOBWBD1SRWDWSFO3PZ0,Sales,"Grady LLC","Database Administrator","269 Third Street",Houston,"North Carolina",NC,10385,"United States",913-597,938-883-163,"Mozilla/5.0 (Windows NT 10.0; Win64; x64) AppleWebKit/537.36 (KHTML, like Gecko) Chrome/96.0.4664.93 Safari/537.36",Bitcoin,0xb9fc2fe63b2a6c003f1c324c3bfa53259162181a,"Ethereum (ERC20)",user
24,Mateo,Nguyen,,30,male,mateo.nguyen@x.dummyjson.com,"+1 341-597-6694",mateon,mateonpass,1994-6-2,https://dummyjson.com/icon/mateon/128,O+,174.29,59.98,Red,Purple,Wavy,192.57.144.7,"1578 Fourth Street",Columbus,Missouri,MO,20673,"United States",a7:26:10:7a:36:29,"Columbia University",03/26,5545852224851851,JCB,TRY,WEBE9SBX588VFUCVCA6KFHWB,Accounting,"Spinka LLC","Business Analyst","1967 Jefferson Street",Dallas,Louisiana,LA,78527,"United States",229-249,416-877-230,"Mozilla/5.0 (Windows NT 10.0; Win64; x64) AppleWebKit/537.36 (KHTML, like Gecko) Chrome/95.0.4638.69 Safari/537.36",Bitcoin,0xb9fc2fe63b2a6c003f1c324c3bfa53259162181a,"Ethereum (ERC20)",user
25,Harper,Kelly,Evans,27,female,harper.kelly@x.dummyjson.com,"+92 518-863-2863",harpere,harperepass,1997-3-3,https://dummyjson.com/icon/harpere/128,AB-,184.32,81.69,Amber,Red,Curly,174.111.61.162,"1591 Adams Street",Philadelphia,"New York",NY,69521,"United States",b:ff:33:67:94:e4,"Boston College",04/26,1298153007505587,RuPay,JPY,DJI19LCUNUHP6YSGPY52D5VG,Legal,"Leffler, Rolfson and Becker","Business Development Manager","16 Maple Street",Austin,"North Carolina",NC,68274,"United States",592-557,209-544-548,"Mozilla/5.0 (Macintosh; Intel Mac OS X 10_15_7) AppleWebKit/537.36 (KHTML, like Gecko) Chrome/97.0.4692.99 Safari/537.36",Bitcoin,0xb9fc2fe63b2a6c003f1c324c3bfa53259162181a,"Ethereum (ERC20)",user
26,Evelyn,Gonzalez,,35,female,evelyn.gonzalez@x.dummyjson.com,"+61 708-508-4638",evelyng,evelyngpass,1989-2-5,https://dummyjson.com/icon/evelyng/128,O+,168.94,58.47,Red,Black,Wavy,42.52.74.232,"1065 Lincoln Street",Dallas,Maine,ME,84898,"United States",89:5e:5a:2a:72:42,"Washington University in St. Louis",03/28,9584313788145560,RuPay,INR,X4UPULQG61VIGA97USY7AAEB,Accounting,"Tromp, Gaylord and Weber","Project Manager","584 Ninth Street",Jacksonville,Wisconsin,WI,45633,"United States",569-275,487-680-127,"Mozilla/5.0 (Windows NT 10.0; Win64; x64) AppleWebKit/537.36 (KHTML, like Gecko) Chrome/95.0.4638.54 Safari/537.36",Bitcoin,0xb9fc2fe63b2a6c003f1c324c3bfa53259162181a,"Ethereum (ERC20)",user
27,Daniel,Cook,,41,male,daniel.cook@x.dummyjson.com,"+44 254-761-6843",danielc,danielcpass,1983-12-25,https://dummyjson.com/icon/danielc/128,AB+,186.21,83.72,Brown,Blonde,Curly,1.61.73.142,"1163 Pine Street","Los Angeles",Nevada,NV,58781,"United States",6e:73:dc:3a:85:10,"Columbia University",01/26,8452555751345228,"Korean Express",NZD,A8DBPECO4X6D09WYOVT8UZK8,Support,"Morissette, Baumbach and Auer","Legal Counsel","938 Fifth Street","San Francisco","South Dakota",SD,45305,"United States",585-905,645-515-583,"Mozilla/5.0 (Windows NT 10.0; Win64; x64; rv:97.0) Gecko/20100101 Firefox/97.0",Bitcoin,0xb9fc2fe63b2a6c003f1c324c3bfa53259162181a,"Ethereum (ERC20)",user
28,Lily,Lee,Brown,29,female,lily.lee@x.dummyjson.com,"+1 808-757-9867",lilyb,lilybpass,1995-12-3,https://dummyjson.com/icon/lilyb/128,AB-,181.42,51.49,Gray,Purple,Straight,67.184.255.96,"1946 Oak Street",Phoenix,Massachusetts,MA,41540,"United States",18:b6:c7:a:50:3f,"Johns Hopkins University",05/29,2903637820228856,Visa,JPY,BKX6ZWB8UJZD09RFOWFPPD3C,"Product Management","Cremin Inc","Quality Assurance Engineer","1735 Cedar Street",Phoenix,Wyoming,WY,85797,"United States",229-776,358-185-671,"Mozilla/5.0 (Windows NT 10.0; Win64; x64) AppleWebKit/537.36 (KHTML, like Gecko) Edge/97.0.1072.76 Safari/537.36",Bitcoin,0xb9fc2fe63b2a6c003f1c324c3bfa53259162181a,"Ethereum (ERC20)",user
29,Henry,Hill,,38,male,henry.hill@x.dummyjson.com,"+1 240-833-4680",henryh,henryhpass,1986-8-19,https://dummyjson.com/icon/henryh/128,O-,180.25,95.84,Gray,Black,Straight,194.43.55.202,"1837 Maple Street",Indianapolis,Delaware,DE,81783,"United States",fa:c3:1b:21:5f:44,"University of Illinois--Urbana-Champaign",02/26,7262597174206766,"Diners Club International",SEK,7N3JP8KN9AUNXOWRQGAU2JX6,Services,"Gerlach, Funk and Schoen","Sales Manager","1651 Lincoln Street","San Francisco","West Virginia",WV,61805,"United States",118-957,925-686-100,"Mozilla/5.0 (Windows NT 10.0; Win64; x64) AppleWebKit/537.36 (KHTML, like Gecko) Chrome/96.0.4664.93 Safari/537.36",Bitcoin,0xb9fc2fe63b2a6c003f1c324c3bfa53259162181a,"Ethereum (ERC20)",user
30,Addison,Wright,,32,female,addison.wright@x.dummyjson.com,"+1 514-384-3300",addisonw,addisonwpass,1992-1-3,https://dummyjson.com/icon/addisonw/128,B+,179.32,76.93,Brown,Blonde,Straight,11.35.69.81,"568 Tenth Street","San Francisco",Montana,MT,54698,"United States",fb:0:94:21:16:c,"Syracuse University",05/28,3756638438861539,"Carte Bancaire",JPY,OOPQTNZ74OLPKVT7TGB89UQL,Services,"Kreiger Inc","Human Resources Manager","1173 Eighth Street","San Diego",Michigan,MI,85777,"United States",415-286,804-492-390,"Mozilla/5.0 (Macintosh; Intel Mac OS X 10_15_7) AppleWebKit/537.36 (KHTML, like Gecko) Chrome/96.0.4664.93 Safari/537.36",Bitcoin,0xb9fc2fe63b2a6c003f1c324c3bfa53259162181a,"Ethereum (ERC20)",user
